<grammar version="1.0" xml:lang="fr-FR" mode="voice" root="ruleArret" xmlns="http://www.w3.org/2001/06/grammar" tag-format="semantics/1.0">
    <rule id="ruleArret" scope="public">
        <tag>out.action=new Object(); </tag>
        <one-of>
            <item>
                <ruleref uri="#ruleAr"/>
                <tag>out.action = rules.ruleAr;</tag>
            </item>
        </one-of>
        <tag>out.action._attributes.uri="http://127.0.0.1:8080/sarah/plugins/jeedom";</tag>
    </rule>
    <rule id="ruleAr">
        <item weight="7">Sarah</item>
    </rule> 
</grammar>